[{"nombre":"Coretta","apellido":"Horsewood","foto":"https://robohash.org/autquisquamdebitis.bmp?size=128x128&set=set1","consejo":"In hac habitasse platea dictumst. Maecenas ut massa quis augue luctus tincidunt. Nulla mollis molestie lorem. Quisque ut erat. Curabitur gravida nisi at nibh. In hac habitasse platea dictumst. Aliquam augue quam, sollicitudin vitae, consectetuer eget, rutrum at, lorem. Integer tincidunt ante vel ipsum."},
{"nombre":"Granthem","apellido":"Torfin","foto":"https://robohash.org/consequunturmollitiased.png?size=128x128&set=set1","consejo":"Phasellus in felis. Donec semper sapien a libero. Nam dui. Proin leo odio, porttitor id, consequat in, consequat ut, nulla. Sed accumsan felis. Ut at dolor quis odio consequat varius. Integer ac leo. Pellentesque ultrices mattis odio."},
{"nombre":"Nancy","apellido":"Rzehor","foto":"https://robohash.org/porrovelitvitae.bmp?size=128x128&set=set1","consejo":"Sed sagittis. Nam congue, risus semper porta volutpat, quam pede lobortis ligula, sit amet eleifend pede libero quis orci. Nullam molestie nibh in lectus. Pellentesque at nulla. Suspendisse potenti. Cras in purus eu magna vulputate luctus."},
{"nombre":"Annmaria","apellido":"Gillivrie","foto":"https://robohash.org/iureetomnis.bmp?size=128x128&set=set1","consejo":"Aliquam quis turpis eget elit sodales scelerisque. Mauris sit amet eros. Suspendisse accumsan tortor quis turpis. Sed ante. Vivamus tortor. Duis mattis egestas metus. Aenean fermentum. Donec ut mauris eget massa tempor convallis. Nulla neque libero, convallis eget, eleifend luctus, ultricies eu, nibh. Quisque id justo sit amet sapien dignissim vestibulum."},
{"nombre":"Rube","apellido":"Mulholland","foto":"https://robohash.org/nullautmolestiae.jpg?size=128x128&set=set1","consejo":"Sed ante. Vivamus tortor. Duis mattis egestas metus. Aenean fermentum. Donec ut mauris eget massa tempor convallis."},
{"nombre":"Elmira","apellido":"Taynton","foto":"https://robohash.org/quiassumendareprehenderit.png?size=128x128&set=set1","consejo":"Etiam faucibus cursus urna. Ut tellus. Nulla ut erat id mauris vulputate elementum. Nullam varius. Nulla facilisi. Cras non velit nec nisi vulputate nonummy. Maecenas tincidunt lacus at velit. Vivamus vel nulla eget eros elementum pellentesque. Quisque porta volutpat erat."}]